quartier,valid_anchors,invalid_anchors,claimable_verts,corrected_road_length_m
Abokicodji-Centre,1,0,18,461.0
Abokicodji-Lagune,2,1,16,1603.8
Adjagbo,10,5,167,7592.5
Adjagbo-Aïdjèdo,1,1,33,1084.3
Adjaha-Cité,1,3,0,0.0
Adjamè,0,113,0,0.0
Adjogansa,0,1,0,0.0
Adjégounlè,0,1,0,0.0
Adovié,2,1,57,2200.9
Adôgléta,2,0,3,287.3
Agamandin,3,1,9,135.0
Agassa-Godomey,8,2,2,185.4
Agbatô,6,0,76,6464.8
Agbodjèdo,9,1,31,2990.4
Agbondjèdo,1,0,6,1243.7
Agla-Akplomey,0,6,0,0.0
Agla-Figaro,0,1,0,0.0
Agla-Les-Pylônes,2,2,31,4006.1
Agla-Petit-Château,1,3,52,3916.9
Agonkèssa,0,2,0,0.0
Agonmé,1,1,0,0.0
Agonsoudja,2,0,29,1851.3
Agontinkon,4,0,32,2991.2
Agori,1,2,35,2131.4
Ahogbohoué-Cité-Eucharistie,1,0,29,1371.8
Ahossougbéta,5,0,89,5473.0
Ahouansori-Towéta,3,1,76,5953.2
Ahouansori-Towéta-Kpota,0,1,0,0.0
Ahouansouri-Agata,1,2,20,184.1
Ahouassa,5,0,12,2219.6
Ahouato,0,1,0,0.0
Akassato,35,4,535,29200.2
Akossavié,0,1,0,0.0
Akpakpa-Dodomè,7,28,130,10106.2
Akôgbato,0,7,0,0.0
Alègléta,1,0,38,2391.9
Alédjo,0,13,0,0.0
Anagbo,0,1,0,0.0
Assrossa,0,1,0,0.0
Atrokpo-Codji,5,2,31,2981.7
Avlékété-Joncquet,0,2,0,0.0
Avotrou-Aïmonlonfidé,1,0,48,3336.9
Avotrou-Gbègo,16,1,74,11638.4
Avotrou-Houézèkomè,1,0,0,0.0
Ayélawadjè,4,4,27,5361.8
Ayélawadjè-Agongbomè,3,4,44,7033.8
Aïbatin-Dodo,1,0,0,0.0
Aïdjèdo,8,2,102,9924.6
Aïdjèdo-Ahito,1,0,9,1865.5
Aïdjèdo-Vignon,0,3,0,0.0
Aïdégnon,0,3,0,0.0
Aïmèvo,0,1,0,0.0
Aïtchédji,0,5,0,0.0
Bocossi-Tokpa,1,0,6,1158.0
Cadjèhoun-Aupiais,3,2,6,1741.7
Cadjèhoun-Azalokogon,12,0,150,13074.2
Cadjèhoun-Détinsa,1,0,3,1291.3
Cadjèhoun-Gare,3,1,61,2202.8
Cadjèhoun-Kpota,7,1,121,5011.8
Cité-la-Victoire,0,8,0,0.0
Cité-les-Palmiers,0,24,0,0.0
Cococodji,23,4,149,11430.2
Cocotomey,27,3,296,29240.2
Dandji,2,1,36,5254.1
Dantôkpa,8,1,41,6389.1
Dassèkomey,0,2,0,0.0
Djidjè,3,0,17,2646.2
Djidjè-Aïchédji,1,0,0,0.0
Djissoukpa,1,2,0,0.0
Djoukpa-Togoudo,0,3,0,0.0
Djèkpota,3,0,11,836.9
Djédjé-Layé,0,4,0,0.0
Domey-Gbo,0,1,0,0.0
Donaten,3,0,11,1030.7
Dossounou,4,0,69,3152.4
Dota,0,4,0,0.0
Drabo,0,3,0,0.0
Dèkoungbé,0,13,0,0.0
Dèkoungbé-Église,0,1,0,0.0
Dédokpo,4,0,29,3493.8
Dénou,0,2,0,0.0
Espace-Saint,0,45,0,0.0
Fandji,0,1,0,0.0
Fidjrossè-Centre,8,4,149,10694.8
Fidjrossè-Kpota,43,2,432,39520.5
Fifadji,11,2,64,6181.2
Fifadji-Houto (Jak),1,0,6,814.7
Fifatin,1,1,3,1426.2
Fifonsi,0,1,0,0.0
Fignon-Sikê,0,1,0,0.0
Fignonhou,0,2,0,0.0
Finafa,0,2,0,0.0
Finagnon,3,2,19,6244.2
Fiyégnon-Houta,0,2,0,0.0
Fiyégnon-Jacquot,1,2,0,0.0
Gankpodo,9,1,38,3152.4
Gbodjo,2,1,0,0.0
Gbodjoko,1,0,0,0.0
Gbodjè,0,14,0,0.0
Gbodjè-Womey,0,2,0,0.0
Gbodjètin,0,1,0,0.0
Gbèdagba,0,1,0,0.0
Gbèdjromèdè,5,1,54,4429.0
Gbèdjromèdè-Nord,1,0,81,3464.2
Gbèdjèwin,1,1,16,2987.4
Gbèdomidji,1,0,7,401.1
Gbèdégbé,2,1,7,457.4
Gbègnigan-Midokpo,0,6,0,0.0
Gbènan,0,1,0,0.0
Gbégamey-Ahito,2,3,61,2390.2
Gbégamey-Centre,10,0,53,4644.6
Gbégamey-Dodo-Ayidjè,9,2,101,4736.6
Gbégamey-Gbagoudo,0,2,0,0.0
Gbégamey-Mifongou,5,0,69,3254.0
Gbétagbo,4,0,88,4212.1
Gbéto,2,5,20,1405.8
Glo-Tokpa,2,0,0,0.0
Godomey-N'Gbèho,2,6,0,0.0
Godomey-Togoudo,7,34,123,9892.9
Golo-Djigbé,3,10,0,0.0
Guinkômey,3,0,46,4966.9
Haie-Vive-Cocotiers,11,2,67,2081.7
Hindé-Sud,3,1,36,4182.0
Hlacômey,1,0,18,2742.9
Hlazounto,6,1,74,6954.1
Houinmè,0,5,0,0.0
Hounsa-Agbodokpa,0,5,0,0.0
Houèkè-Gbo,0,1,0,0.0
Houèkè-Honou,2,1,83,1989.8
Houèto,6,1,47,3467.7
Houéhoun,1,0,5,1791.9
Houénoussou,1,10,1,63.0
Houénoussou-Sainte-Rita,4,9,49,11718.2
Houéyihô,11,0,212,11681.0
Hêvié,11,21,294,15322.8
Irédé,5,1,31,4603.0
Jéricho-Nord,5,14,54,7054.3
Jéricho-Sud,0,7,0,0.0
Kansounkpa,2,1,0,0.0
Kindonou,7,0,5,269.2
Kouhounou,6,1,85,6241.7
Kowégbo,0,1,0,0.0
Kpankpan,2,0,21,2286.5
Kpanroun,5,2,10,2087.8
Kpodji-Les-Monts,2,5,32,2230.8
Kpondéhou,12,1,40,6920.1
Kpondéhou-Tchèmè,0,1,0,0.0
Kpossidja,2,1,37,1847.9
Kpé,0,5,0,0.0
La-Paix,0,1,0,0.0
Ladji,0,4,0,0.0
Lohoussa,0,1,0,0.0
Lom-Nava,3,1,6,1992.5
Maria-Gléta,0,12,0,0.0
Midombo,11,1,65,9741.4
Midédji,1,0,0,0.0
Mifongou,0,1,0,0.0
Minonkpô-Wologuèdè,7,1,10,3016.1
Minontchou,4,0,26,4758.6
Missité,2,0,38,3408.5
Missèbô,12,1,35,6799.6
Misséssin,3,0,59,6037.5
Misséssinto,2,0,1,31.7
Mènontin,14,0,95,11206.9
Nouveau-Pont,0,7,0,0.0
Ohé,0,5,0,0.0
Ounvènoumèdé,0,1,0,0.0
Ouèdo,11,7,51,2900.3
Ouéga-Agué,0,2,0,0.0
Ouéga-Tokpa,0,1,0,0.0
Plateau,0,56,0,0.0
Saint-Jean-Gbèdiga,5,31,49,7751.0
Sodjatinmè-Centre,1,0,2,127.4
Sodjatinmè-Est,1,0,3,1251.4
Sodo,0,12,0,0.0
Sokan,0,2,0,0.0
Somè,0,4,0,0.0
Suru-Léré,8,1,31,6658.5
Sèdami,1,5,11,1858.1
Sèdjro-Saint-Michel,10,26,116,8323.0
Sèdomey,1,0,0,0.0
Sègbèya-Nord,1,0,0,0.0
Sègbèya-Sud,12,1,58,9514.5
Sèmè,0,10,0,0.0
Sènadé,5,0,48,9551.5
Sètôvi,1,0,12,786.2
Tankpè-Tanmè,5,1,81,2585.9
Tankpè-Togoudo,4,9,147,9350.2
Tankpê-Yoho,1,0,56,4272.2
Tanto,1,5,2,641.7
Tchanhounkpamè,1,0,4,300.1
Togba_Maria-Gléta,0,2,0,0.0
Togbin-Daho,3,4,69,3023.5
Togbin-Fandji,0,1,0,0.0
Togbin-Kpèvi,2,1,41,2389.1
Tokan,5,1,72,6866.1
Tokpa,0,5,0,0.0
Tokpa-Hoho,2,4,11,504.9
Tokpa-Zoungo-Sud,0,1,0,0.0
Tokplégbé,6,0,77,6513.0
Tonato,0,1,0,0.0
Vodjè-Allobatin,1,0,4,1391.0
Vodjè-Ayidoté,1,0,4,1174.4
Vodjè-Centre,8,3,90,10547.4
Vodjè-Finagnon,4,1,56,3992.5
Vodjè-Kpota,1,0,0,0.0
Vossa,1,4,2,272.8
Vossa-Kpodji,6,0,55,4955.0
Védokô,8,7,151,6565.5
Wawata,1,1,42,910.0
Womey-Centre,0,8,0,0.0
Womey-Yénawa,4,1,157,8968.9
Xwlacôdji-Kpodji,1,0,32,1534.0
Xwlacôdji-Plage,1,21,17,2540.4
Yagbé,4,2,22,2572.2
Yèkon-Do,1,0,23,1101.1
Yèvié,0,1,0,0.0
Yénandjro,0,1,0,0.0
Yénawa,6,2,48,3513.2
Yénawa-Fifadji,0,2,0,0.0
Yévèdo,1,1,5,1282.2
Zinvié-Agolèdji,1,16,0,0.0
Zinvié-Fandji,2,0,61,2938.4
Zinvié-Zounmè,1,0,0,0.0
Zogbadjè,5,6,16,672.9
Zogbo,19,1,131,10422.7
Zogbohouè,6,1,0,0.0
Zongo-Ehuzu,6,11,108,11461.3
Zongo-Nima,3,18,25,2792.7
Zopah-Akassato,3,0,94,9664.1
Zopah-Kokpo,5,1,109,16397.4
Zoundja,0,14,0,0.0
Zounga,0,1,0,0.0
Zoungo,2,1,0,0.0
