chef_index,name,arrondissement,commune,lat,lng,support_count,contradiction_count,external_support_count,weighted_support,weighted_contradiction,weighted_external_support,total_evidence,confidence_score,over_expansion_score,under_claim_score,boundary_shift_score
0,Fiyégnon-Houta,12ème Arrondissement,COTONOU,6.350590159498857,2.348833774878387,0,0,0,0.0,0.0,0.0,0,0.0,0.0,0.0,0.0
1,Dandji-Hokanmè,1er Arrondissement,COTONOU,6.368890460329282,2.485058184575597,0,3,0,0.0,2.3,0.0,3,0.632,0.697,0.0,0.0
2,Kowégbo,2ème Arrondissement,COTONOU,6.382225978472974,2.465827538994987,1,0,0,0.85,0.0,0.0,1,0.283,0.0,0.0,0.0
3,"Ningboto
",Godomey,ABOMEY-CALAVI,6.372419386290843,2.332807922474081,0,0,0,0.0,0.0,0.0,0,0.0,0.0,0.0,0.0
4,Hlazounto,12ème Arrondissement,COTONOU,6.368747753812433,2.362304065520742,0,0,0,0.0,0.0,0.0,0,0.0,0.0,0.0,0.0
5,Yévèdo,7ème Arrondissement,COTONOU,6.366871648998257,2.419987013420057,0,0,0,0.0,0.0,0.0,0,0.0,0.0,0.0,0.0
6,Nouveau-Pont,5ème Arrondissement,COTONOU,6.368611289545064,2.431831981810393,0,0,0,0.0,0.0,0.0,0,0.0,0.0,0.0,0.0
7,Hindé-Sud,6ème Arrondissement,COTONOU,6.374926295307048,2.433785433750298,0,0,0,0.0,0.0,0.0,0,0.0,0.0,0.0,0.0
8,Ouéga-Tokpa,Togba,ABOMEY-CALAVI,6.473549012939534,2.30680022495434,0,3,0,0.0,1.8,0.0,3,0.632,0.643,0.0,0.0
9,Tankpè-Togoudo,Godomey,ABOMEY-CALAVI,6.418191131019869,2.311011140076428,0,0,0,0.0,0.0,0.0,0,0.0,0.0,0.0,0.0
10,Minonkpô-Wologuèdè,8ème Arrondissement,COTONOU,6.374683408489917,2.413874502852743,0,0,1,0.0,0.0,0.6,1,0.283,0.0,0.375,0.0
11,"Djoukpa-Togoudo
",Godomey,ABOMEY-CALAVI,6.403574813297991,2.337956703847636,0,1,0,0.0,0.6,0.0,1,0.283,0.375,0.0,0.0
12,Cadjèhoun-Azalokogon,12ème Arrondissement,COTONOU,6.357934028105427,2.399114060918247,0,0,0,0.0,0.0,0.0,0,0.0,0.0,0.0,0.0
13,"Fifonsi
",Togba,ABOMEY-CALAVI,6.440133968414679,2.322904265361397,0,2,0,0.0,1.7,0.0,2,0.487,0.63,0.0,0.0
14,"Ounvènoumèdé
",Godomey,ABOMEY-CALAVI,6.387344831642028,2.33370016269819,0,1,0,0.0,0.6,0.0,1,0.283,0.375,0.0,0.0
15,Zoungo,Hêvié,ABOMEY-CALAVI,6.456355067632562,2.249778841056814,0,0,0,0.0,0.0,0.0,0,0.0,0.0,0.0,0.0
16,Tankpê-Yoho,Abomey-Calavi,ABOMEY-CALAVI,6.432375677616995,2.310385829352795,0,2,0,0.0,1.7,0.0,2,0.487,0.63,0.0,0.0
17,Akpakpa-Dodomè,4ème Arrondissement,COTONOU,6.361032388167098,2.444688908537918,0,0,5,0.0,0.0,3.0,5,0.811,0.0,0.75,0.0
18,Akossavié,Hêvié,ABOMEY-CALAVI,6.405935388248944,2.251339955057393,0,0,0,0.0,0.0,0.0,0,0.0,0.0,0.0,0.0
19,Cadjèhoun-Kpota,12ème Arrondissement,COTONOU,6.364087978432719,2.400424259787283,0,0,0,0.0,0.0,0.0,0,0.0,0.0,0.0,0.0
20,Yagbé,1er Arrondissement,COTONOU,6.372772934582578,2.468414428686719,1,0,0,0.85,0.0,0.0,1,0.283,0.0,0.0,0.0
21,Agonkèssa,Golo-Djigbé,ABOMEY-CALAVI,6.548696185925619,2.31550692354515,0,0,0,0.0,0.0,0.0,0,0.0,0.0,0.0,0.0
22,Missèbô,5ème Arrondissement,COTONOU,6.36296050618788,2.436275170808476,0,0,0,0.0,0.0,0.0,0,0.0,0.0,0.0,0.0
23,Agbo Codji Sèdégbé,Godomey,ABOMEY-CALAVI,6.382409347079445,2.32009876191539,1,0,0,0.6,0.0,0.0,1,0.283,0.0,0.0,0.0
24,"Amahoun
",Godomey,ABOMEY-CALAVI,6.378162101812441,2.286275150402624,0,0,0,0.0,0.0,0.0,0,0.0,0.0,0.0,0.0
25,"Ganganzounmè
",Godomey,ABOMEY-CALAVI,6.370196657494528,2.305203182976217,0,0,0,0.0,0.0,0.0,0,0.0,0.0,0.0,0.0
26,"Gbègnigan-Midokpo
",Godomey,ABOMEY-CALAVI,6.402473543804953,2.318160123066209,0,0,0,0.0,0.0,0.0,0,0.0,0.0,0.0,0.0
27,"Tokpa-Zoungo-Sud
",Abomey-Calavi,ABOMEY-CALAVI,6.422987937412913,2.347429917120945,0,0,0,0.0,0.0,0.0,0,0.0,0.0,0.0,0.0
28,"Cité-la-Victoire
",Abomey-Calavi,ABOMEY-CALAVI,6.414225063087606,2.331952378671597,0,0,4,0.0,0.0,2.4,4,0.736,0.0,0.706,0.0
29,Ahogbohoué-Cité-Eucharistie,13ème Arrondissement,COTONOU,6.37401256015859,2.385256327528561,0,0,1,0.0,0.0,0.6,1,0.283,0.0,0.375,0.0
30,Zinvié-Agolèdji,Zinvié,ABOMEY-CALAVI,6.603831914331917,2.336999915090381,0,0,0,0.0,0.0,0.0,0,0.0,0.0,0.0,0.0
31,Mènontin,9ème Arrondissement,COTONOU,6.391295178670569,2.369749036791143,4,0,3,3.4,0.0,2.55,7,0.903,0.0,0.367,0.0
32,Todoté,7ème Arrondissement,COTONOU,6.363334204650752,2.419311768041911,0,1,0,0.0,0.6,0.0,1,0.283,0.375,0.0,0.0
33,Djissoukpa,Golo-Djigbé,ABOMEY-CALAVI,6.566643828490631,2.288105224163952,0,0,0,0.0,0.0,0.0,0,0.0,0.0,0.0,0.0
34,Missité-Sikê,7ème Arrondissement,COTONOU,6.377342392592282,2.417275366667791,0,0,0,0.0,0.0,0.0,0,0.0,0.0,0.0,0.0
35,Fiyégnon-Jacquot,12ème Arrondissement,COTONOU,6.352294872042274,2.368442831133803,0,1,0,0.0,0.6,0.0,1,0.283,0.375,0.0,0.0
36,Fifadji,9ème Arrondissement,COTONOU,6.393441676038004,2.400363605642935,0,0,0,0.0,0.0,0.0,0,0.0,0.0,0.0,0.0
37,Vodjè-Finagnon,11ème Arrondissement,COTONOU,6.372012092065715,2.400699227180686,0,0,0,0.0,0.0,0.0,0,0.0,0.0,0.0,0.0
38,Lom-Nava,2ème Arrondissement,COTONOU,6.377121928357666,2.45358716325789,0,2,0,0.0,1.2,0.0,2,0.487,0.545,0.0,0.0
39,Espace-Saint,Golo-Djigbé,ABOMEY-CALAVI,6.564084706418892,2.30449474291105,0,0,7,0.0,0.0,4.2,7,0.903,0.0,0.808,0.0
40,"Maria-Gléta
",Godomey,ABOMEY-CALAVI,6.422174415569062,2.307409725754017,1,0,0,1.0,0.0,0.0,1,0.283,0.0,0.0,0.0
41,Védokô,10ème Arrondissement,COTONOU,6.379254118857429,2.385935060407983,0,1,5,0.0,0.85,4.25,6,0.865,0.459,0.81,0.61
42,Kpondéhou-Tchèmè,2ème Arrondissement,COTONOU,6.382341885996753,2.453444712603947,0,0,0,0.0,0.0,0.0,0,0.0,0.0,0.0,0.0
43,"Alédjo
",Abomey-Calavi,ABOMEY-CALAVI,6.443043601716527,2.334256920885097,0,0,1,0.0,0.0,0.85,1,0.283,0.0,0.459,0.0
44,Ahowégodo,Kpanroun,ABOMEY-CALAVI,6.701198048777196,2.352761068854433,0,0,0,0.0,0.0,0.0,0,0.0,0.0,0.0,0.0
45,Agounvocôdji,10ème Arrondissement,COTONOU,6.387897930129924,2.385571301988101,0,1,0,0.0,0.85,0.0,1,0.283,0.459,0.0,0.0
46,Somè,Togba,ABOMEY-CALAVI,6.453545179815483,2.29897343498701,0,1,0,0.0,0.6,0.0,1,0.283,0.375,0.0,0.0
47,"Agonkanmey
",Godomey,ABOMEY-CALAVI,6.409045598543866,2.337728614672263,0,0,0,0.0,0.0,0.0,0,0.0,0.0,0.0,0.0
48,"Dèkoungbé-Église
",Godomey,ABOMEY-CALAVI,6.371781707862775,2.318474147338697,0,0,0,0.0,0.0,0.0,0,0.0,0.0,0.0,0.0
49,"Finafa
",Godomey,ABOMEY-CALAVI,6.393345742509593,2.353576539742456,0,0,0,0.0,0.0,0.0,0,0.0,0.0,0.0,0.0
50,Minontchou,2ème Arrondissement,COTONOU,6.392860824205965,2.45024638006181,2,0,0,1.7,0.0,0.0,2,0.487,0.0,0.0,0.0
51,Zèkanmey-Domè,Akassato,ABOMEY-CALAVI,6.531631623780778,2.341055266796695,0,0,0,0.0,0.0,0.0,0,0.0,0.0,0.0,0.0
52,Tokpa-Hoho,5ème Arrondissement,COTONOU,6.358973822984335,2.439451918940784,0,1,0,0.0,0.6,0.0,1,0.283,0.375,0.0,0.0
53,Sèdami,7ème Arrondissement,COTONOU,6.370194430138387,2.424121282890475,0,1,1,0.0,0.6,0.85,2,0.487,0.375,0.459,0.415
54,Gbèdjromèdè,6ème Arrondissement,COTONOU,6.379552595585931,2.420030117529112,0,0,0,0.0,0.0,0.0,0,0.0,0.0,0.0,0.0
55,Cococodji,Godomey,ABOMEY-CALAVI,6.388040794330395,2.272137151986549,4,0,0,3.4,0.0,0.0,4,0.736,0.0,0.0,0.0
56,Sodjatinmè-Ouest,4ème Arrondissement,COTONOU,6.368479246943725,2.449510486502952,0,0,0,0.0,0.0,0.0,0,0.0,0.0,0.0,0.0
57,Agla-Figaro,13ème Arrondissement,COTONOU,6.37838417069406,2.35324370104309,0,0,0,0.0,0.0,0.0,0,0.0,0.0,0.0,0.0
58,"Tokpa
",Godomey,ABOMEY-CALAVI,6.388911807581605,2.306642391722998,0,2,0,0.0,1.7,0.0,2,0.487,0.63,0.0,0.0
59,Yèkon-Do,Golo-Djigbé,ABOMEY-CALAVI,6.562676885348218,2.316384589632573,0,0,0,0.0,0.0,0.0,0,0.0,0.0,0.0,0.0
60,Houèkè-Honou,Akassato,ABOMEY-CALAVI,6.499733027376658,2.354827650456111,0,0,1,0.0,0.0,0.6,1,0.283,0.0,0.375,0.0
61,Fignon-Sikê,7ème Arrondissement,COTONOU,6.374118417391376,2.41979954101738,0,0,0,0.0,0.0,0.0,0,0.0,0.0,0.0,0.0
62,Vodjè-Centre,11ème Arrondissement,COTONOU,6.368643731632697,2.403150887186906,0,0,0,0.0,0.0,0.0,0,0.0,0.0,0.0,0.0
63,Xwlacôdji-Kpodji,5ème Arrondissement,COTONOU,6.353551437010183,2.437618371294602,0,1,0,0.0,0.6,0.0,1,0.283,0.375,0.0,0.0
64,Gbodjètin,12ème Arrondissement,COTONOU,6.3747576477173,2.350493145732543,0,0,0,0.0,0.0,0.0,0,0.0,0.0,0.0,0.0
65,Houénoussou-Sainte-Rita,8ème Arrondissement,COTONOU,6.378984272384219,2.403643470878895,0,0,0,0.0,0.0,0.0,0,0.0,0.0,0.0,0.0
66,Missèkplé,10ème Arrondissement,COTONOU,6.386201155083969,2.404705381238561,0,0,0,0.0,0.0,0.0,0,0.0,0.0,0.0,0.0
67,Sètôvi,10ème Arrondissement,COTONOU,6.381389218388034,2.388390601734404,1,2,1,0.85,1.7,0.85,4,0.736,0.479,0.315,0.388
68,Kpondéhou,2ème Arrondissement,COTONOU,6.385806338456955,2.4534998987347,0,0,0,0.0,0.0,0.0,0,0.0,0.0,0.0,0.0
69,Sokan,Zinvié,ABOMEY-CALAVI,6.60229913343201,2.351710338340989,0,0,0,0.0,0.0,0.0,0,0.0,0.0,0.0,0.0
70,"Aïtchédji
",Abomey-Calavi,ABOMEY-CALAVI,6.45306360958733,2.337775794507753,3,2,0,2.55,1.2,0.0,5,0.811,0.253,0.0,0.0
71,Cadjèhoun-Détinsa,12ème Arrondissement,COTONOU,6.367156849466723,2.404373144644898,0,0,0,0.0,0.0,0.0,0,0.0,0.0,0.0,0.0
72,Ahouansouri-Agué,6ème Arrondissement,COTONOU,6.388161451469938,2.421156834029744,0,0,0,0.0,0.0,0.0,0,0.0,0.0,0.0,0.0
73,"Gbodjè-Womey
",Godomey,ABOMEY-CALAVI,6.386948849137686,2.284048094633298,0,0,0,0.0,0.0,0.0,0,0.0,0.0,0.0,0.0
74,Houèto,Togba,ABOMEY-CALAVI,6.440538017159928,2.303694635891587,5,3,2,4.25,1.8,1.7,10,0.964,0.255,0.245,0.25
75,"Finafa
",Abomey-Calavi,ABOMEY-CALAVI,6.441620302625488,2.347094978684952,0,0,0,0.0,0.0,0.0,0,0.0,0.0,0.0,0.0
76,Vossa-Kpodji,9ème Arrondissement,COTONOU,6.395427321419099,2.405402807299402,0,0,0,0.0,0.0,0.0,0,0.0,0.0,0.0,0.0
77,Alègléta,Godomey,ABOMEY-CALAVI,6.417671144766262,2.31966769668296,0,0,0,0.0,0.0,0.0,0,0.0,0.0,0.0,0.0
78,Yèmicodji,12ème Arrondissement,COTONOU,6.360712320315931,2.33332276107443,0,0,0,0.0,0.0,0.0,0,0.0,0.0,0.0,0.0
79,Dangbodji,Zinvié,ABOMEY-CALAVI,6.617268020769844,2.319582192026844,0,0,0,0.0,0.0,0.0,0,0.0,0.0,0.0,0.0
80,Vodjè-Ayidoté,11ème Arrondissement,COTONOU,6.373929769245663,2.403176633681567,0,2,0,0.0,1.45,0.0,2,0.487,0.592,0.0,0.0
81,Godomey-Togoudo,Godomey,ABOMEY-CALAVI,6.40142914196411,2.341326632989754,0,0,0,0.0,0.0,0.0,0,0.0,0.0,0.0,0.0
82,Yèvié,Zinvié,ABOMEY-CALAVI,6.597263930832368,2.374924648937617,0,0,0,0.0,0.0,0.0,0,0.0,0.0,0.0,0.0
83,Wawata,Zinvié,ABOMEY-CALAVI,6.625339951251696,2.322947200894462,0,0,0,0.0,0.0,0.0,0,0.0,0.0,0.0,0.0
84,Agonmé,Akassato,ABOMEY-CALAVI,6.550911032367873,2.338355982417123,0,0,0,0.0,0.0,0.0,0,0.0,0.0,0.0,0.0
85,Kolètin,Akassato,ABOMEY-CALAVI,6.570910870980369,2.353408399411088,0,0,0,0.0,0.0,0.0,0,0.0,0.0,0.0,0.0
86,Togbin-Daho,Godomey,ABOMEY-CALAVI,6.354858279230302,2.307201053743135,0,0,0,0.0,0.0,0.0,0,0.0,0.0,0.0,0.0
87,Kpotomey,Zinvié,ABOMEY-CALAVI,6.629978893084875,2.356630093681976,0,0,0,0.0,0.0,0.0,0,0.0,0.0,0.0,0.0
88,"Tokpa-Zoungo-Nord
",Abomey-Calavi,ABOMEY-CALAVI,6.433521691269632,2.351275839343485,0,0,0,0.0,0.0,0.0,0,0.0,0.0,0.0,0.0
89,Sodjatinmè-Centre,4ème Arrondissement,COTONOU,6.368392216098378,2.454466471829938,0,0,0,0.0,0.0,0.0,0,0.0,0.0,0.0,0.0
90,Avotrou-Gbègo,1er Arrondissement,COTONOU,6.376987570849822,2.468061872023426,0,0,0,0.0,0.0,0.0,0,0.0,0.0,0.0,0.0
91,Kpaviédja,Kpanroun,ABOMEY-CALAVI,6.671214393633209,2.339957899242292,0,0,0,0.0,0.0,0.0,0,0.0,0.0,0.0,0.0
92,Gankpodo,2ème Arrondissement,COTONOU,6.391840150078056,2.453548558527831,0,0,0,0.0,0.0,0.0,0,0.0,0.0,0.0,0.0
93,Zinvié-Fandji,Zinvié,ABOMEY-CALAVI,6.613795608366468,2.356809297572599,0,0,0,0.0,0.0,0.0,0,0.0,0.0,0.0,0.0
94,"Fignonhou
",Godomey,ABOMEY-CALAVI,6.376257195705525,2.337084069255347,0,0,1,0.0,0.0,0.85,1,0.283,0.0,0.459,0.0
95,Gbodjè,Zinvié,ABOMEY-CALAVI,6.594872421593815,2.386426603165992,0,0,0,0.0,0.0,0.0,0,0.0,0.0,0.0,0.0
96,Adovié,Hêvié,ABOMEY-CALAVI,6.424668003694718,2.259279273465978,0,0,0,0.0,0.0,0.0,0,0.0,0.0,0.0,0.0
97,Gbènan,7ème Arrondissement,COTONOU,6.366379592757044,2.423210730925661,0,0,0,0.0,0.0,0.0,0,0.0,0.0,0.0,0.0
98,Gbèdomidji,7ème Arrondissement,COTONOU,6.36378721166743,2.422413041478412,0,0,0,0.0,0.0,0.0,0,0.0,0.0,0.0,0.0
99,Domey-Gbo,Golo-Djigbé,ABOMEY-CALAVI,6.537863873104675,2.324585126294177,0,0,0,0.0,0.0,0.0,0,0.0,0.0,0.0,0.0
100,Adjaha-Cité,13ème Arrondissement,COTONOU,6.361019990897453,2.374064246818966,0,0,0,0.0,0.0,0.0,0,0.0,0.0,0.0,0.0
101,Fidjrossè-Kpota,12ème Arrondissement,COTONOU,6.358109760230045,2.36039988279798,0,1,0,0.0,0.85,0.0,1,0.283,0.459,0.0,0.0
102,Cadjèhoun-Aupiais,12ème Arrondissement,COTONOU,6.356653787616432,2.404293531244689,3,0,0,1.8,0.0,0.0,3,0.632,0.0,0.0,0.0
103,"Aïmèvo
",Godomey,ABOMEY-CALAVI,6.389164817034996,2.342289242130796,0,0,0,0.0,0.0,0.0,0,0.0,0.0,0.0,0.0
104,Aïdjèdo,6ème Arrondissement,COTONOU,6.379547849397231,2.424858246359997,0,0,0,0.0,0.0,0.0,0,0.0,0.0,0.0,0.0
105,Missité,13ème Arrondissement,COTONOU,6.366179034611105,2.388788719919658,0,0,0,0.0,0.0,0.0,0,0.0,0.0,0.0,0.0
106,Avotrou-Aïmonlonfidé,1er Arrondissement,COTONOU,6.382264395832571,2.472211212000099,0,0,0,0.0,0.0,0.0,0,0.0,0.0,0.0,0.0
107,Cadjèhoun-Gare,12ème Arrondissement,COTONOU,6.361853391924255,2.404149994218516,0,0,0,0.0,0.0,0.0,0,0.0,0.0,0.0,0.0
108,Adôgléta,3ème Arrondissement,COTONOU,6.385717599378378,2.440328254490017,0,0,0,0.0,0.0,0.0,0,0.0,0.0,0.0,0.0
109,Ahouansouri-Agata,6ème Arrondissement,COTONOU,6.382916483331917,2.42433571986854,0,0,0,0.0,0.0,0.0,0,0.0,0.0,0.0,0.0
110,Kansounkpa,Abomey-Calavi,ABOMEY-CALAVI,6.507109056133443,2.31506106908709,1,2,0,0.85,1.7,0.0,3,0.632,0.479,0.0,0.0
111,Agla-Akplomey,13ème Arrondissement,COTONOU,6.384276044890476,2.35645028782525,0,0,1,0.0,0.0,0.6,1,0.283,0.0,0.375,0.0
112,Irédé,2ème Arrondissement,COTONOU,6.372437269506234,2.45705484311077,0,0,0,0.0,0.0,0.0,0,0.0,0.0,0.0,0.0
113,"Womey-Centre
",Godomey,ABOMEY-CALAVI,6.405839478370337,2.305493645637789,0,0,0,0.0,0.0,0.0,0,0.0,0.0,0.0,0.0
114,Dédokpo,4ème Arrondissement,COTONOU,6.367694222429447,2.442307661466128,0,0,1,0.0,0.0,0.85,1,0.283,0.0,0.459,0.0
115,"Sodo
",Godomey,ABOMEY-CALAVI,6.40340131281441,2.294956289943732,0,1,0,0.0,0.85,0.0,1,0.283,0.459,0.0,0.0
116,Kpankpan,3ème Arrondissement,COTONOU,6.37717477958463,2.439282012136696,0,1,0,0.0,0.85,0.0,1,0.283,0.459,0.0,0.0
117,Tanto,1er Arrondissement,COTONOU,6.367756095057556,2.472004316594913,1,0,0,0.85,0.0,0.0,1,0.283,0.0,0.0,0.0
118,Vodjè-Allobatin,11ème Arrondissement,COTONOU,6.369169355073549,2.406858418732843,0,0,1,0.0,0.0,0.6,1,0.283,0.0,0.375,0.0
119,Ahouanlèko,12ème Arrondissement,COTONOU,6.353325686444661,2.407532099820587,0,0,0,0.0,0.0,0.0,0,0.0,0.0,0.0,0.0
120,Zèkanmey,Golo-Djigbé,ABOMEY-CALAVI,6.551810220355878,2.304305311789565,0,0,0,0.0,0.0,0.0,0,0.0,0.0,0.0,0.0
121,Sènadé,2ème Arrondissement,COTONOU,6.379688558523469,2.457250665167441,0,0,0,0.0,0.0,0.0,0,0.0,0.0,0.0,0.0
122,Agontinkon,8ème Arrondissement,COTONOU,6.377384298417058,2.407534246817678,0,0,1,0.0,0.0,0.85,1,0.283,0.0,0.459,0.0
123,Yénawa-Daho,2ème Arrondissement,COTONOU,6.388403664721264,2.472148906799447,0,0,0,0.0,0.0,0.0,0,0.0,0.0,0.0,0.0
124,Avotrou-Houézèkomè,1er Arrondissement,COTONOU,6.376949160761281,2.475942714536939,0,1,0,0.0,0.6,0.0,1,0.283,0.375,0.0,0.0
125,Ahogbohoué-Cité-De-l'Expérience,13ème Arrondissement,COTONOU,6.378693091527042,2.373728793044497,0,0,0,0.0,0.0,0.0,0,0.0,0.0,0.0,0.0
126,Atrokpo-Codji,Godomey,ABOMEY-CALAVI,6.387999933976394,2.321813583150896,0,0,0,0.0,0.0,0.0,0,0.0,0.0,0.0,0.0
127,Gbodjoko,Zinvié,ABOMEY-CALAVI,6.585160476042517,2.322809624994197,0,0,0,0.0,0.0,0.0,0,0.0,0.0,0.0,0.0
128,Aïdjèdo-Ahito,6ème Arrondissement,COTONOU,6.377219054207516,2.42190006434286,0,0,0,0.0,0.0,0.0,0,0.0,0.0,0.0,0.0
129,Ahouato,Ouèdo,ABOMEY-CALAVI,6.42038238877856,2.274507813551664,0,0,0,0.0,0.0,0.0,0,0.0,0.0,0.0,0.0
130,Xwlacôdji-Plage,5ème Arrondissement,COTONOU,6.352468634302518,2.440702402008151,0,0,3,0.0,0.0,1.8,3,0.632,0.0,0.643,0.0
131,Gbégamey-Dodo-Ayidjè,11ème Arrondissement,COTONOU,6.367585958768227,2.409716881879183,0,0,0,0.0,0.0,0.0,0,0.0,0.0,0.0,0.0
132,Hlacômey,3ème Arrondissement,COTONOU,6.38868418666766,2.440823900978928,0,2,1,0.0,1.7,0.85,3,0.632,0.63,0.459,0.538
133,Anagbo,Kpanroun,ABOMEY-CALAVI,6.68715770413999,2.338777358968258,0,0,0,0.0,0.0,0.0,0,0.0,0.0,0.0,0.0
134,Zongo-Nima,5ème Arrondissement,COTONOU,6.356250877695007,2.427883345156602,0,0,0,0.0,0.0,0.0,0,0.0,0.0,0.0,0.0
135,Misséssinto,Akassato,ABOMEY-CALAVI,6.515327454173367,2.363088585898427,0,0,0,0.0,0.0,0.0,0,0.0,0.0,0.0,0.0
136,"Cité-les-Palmiers
",Abomey-Calavi,ABOMEY-CALAVI,6.479119226062662,2.337515666765913,0,2,1,0.0,1.7,0.6,3,0.632,0.63,0.375,0.486
137,Agbatô,3ème Arrondissement,COTONOU,6.393526932430639,2.441545517708419,0,0,2,0.0,0.0,1.7,2,0.487,0.0,0.63,0.0
138,Kpé,Kpanroun,ABOMEY-CALAVI,6.653408013068795,2.356155892097402,0,0,0,0.0,0.0,0.0,0,0.0,0.0,0.0,0.0
139,Zongo-Ehuzu,5ème Arrondissement,COTONOU,6.352603545600073,2.424036711748659,0,0,0,0.0,0.0,0.0,0,0.0,0.0,0.0,0.0
140,Ahouansori-Towéta,6ème Arrondissement,COTONOU,6.387585271283132,2.427552872717358,0,1,0,0.0,0.6,0.0,1,0.283,0.375,0.0,0.0
141,Agongbé,Golo-Djigbé,ABOMEY-CALAVI,6.531935855343063,2.308475621325271,0,0,0,0.0,0.0,0.0,0,0.0,0.0,0.0,0.0
142,Tokplégbé,1er Arrondissement,COTONOU,6.364730087893121,2.48957796820289,0,0,2,0.0,0.0,1.7,2,0.487,0.0,0.63,0.0
143,"Hounzévié
",Hêvié,ABOMEY-CALAVI,6.423286918650279,2.237041714678024,0,0,0,0.0,0.0,0.0,0,0.0,0.0,0.0,0.0
144,Fidjrossè-Centre,12ème Arrondissement,COTONOU,6.35769307953833,2.370617003655931,0,0,0,0.0,0.0,0.0,0,0.0,0.0,0.0,0.0
145,Sodjatinmè-Est,4ème Arrondissement,COTONOU,6.370000904041615,2.459956549025544,0,0,0,0.0,0.0,0.0,0,0.0,0.0,0.0,0.0
146,Adjagbo,Ouèdo,ABOMEY-CALAVI,6.479040600159075,2.279968131120424,0,0,0,0.0,0.0,0.0,0,0.0,0.0,0.0,0.0
147,Gbégamey-Ahito,11ème Arrondissement,COTONOU,6.364892137068566,2.408136051382299,0,0,0,0.0,0.0,0.0,0,0.0,0.0,0.0,0.0
148,Dandji,1er Arrondissement,COTONOU,6.368269807213661,2.478232682918784,0,1,0,0.0,0.6,0.0,1,0.283,0.375,0.0,0.0
149,Godomey-N'Gbèho,Godomey,ABOMEY-CALAVI,6.372826762593936,2.340681771621278,0,1,0,0.0,0.85,0.0,1,0.283,0.459,0.0,0.0
150,"Zoundja
",Abomey-Calavi,ABOMEY-CALAVI,6.497410210573912,2.336395432670797,0,0,3,0.0,0.0,2.55,3,0.632,0.0,0.718,0.0
151,Abokicodji-Lagune,4ème Arrondissement,COTONOU,6.364563039358073,2.442342934579337,0,0,1,0.0,0.0,0.6,1,0.283,0.0,0.375,0.0
152,Mèdédjro,8ème Arrondissement,COTONOU,6.38496497297377,2.410203672119639,0,0,0,0.0,0.0,0.0,0,0.0,0.0,0.0,0.0
153,Zogbo,9ème Arrondissement,COTONOU,6.392713160062153,2.390598635178596,0,0,3,0.0,0.0,2.55,3,0.632,0.0,0.718,0.0
154,Mifongou,5ème Arrondissement,COTONOU,6.363624629555242,2.42536746152798,0,3,0,0.0,2.05,0.0,3,0.632,0.672,0.0,0.0
155,Gbégamey-Gbagoudo,11ème Arrondissement,COTONOU,6.371445382568357,2.409801846269849,0,0,0,0.0,0.0,0.0,0,0.0,0.0,0.0,0.0
156,Agla-Petit-Château,13ème Arrondissement,COTONOU,6.381823623459121,2.372758736668154,0,1,3,0.0,0.6,1.8,4,0.736,0.375,0.643,0.491
157,Midédji,10ème Arrondissement,COTONOU,6.386138179156926,2.392248845494169,0,0,0,0.0,0.0,0.0,0,0.0,0.0,0.0,0.0
158,Houénoussou,13ème Arrondissement,COTONOU,6.366684522755474,2.391291312919098,0,0,0,0.0,0.0,0.0,0,0.0,0.0,0.0,0.0
159,"Aïdégnon
",Togba,ABOMEY-CALAVI,6.450653681938154,2.3262564549981,0,0,0,0.0,0.0,0.0,0,0.0,0.0,0.0,0.0
160,"Zounga
",Godomey,ABOMEY-CALAVI,6.380856682516127,2.292516944311811,0,0,0,0.0,0.0,0.0,0,0.0,0.0,0.0,0.0
161,"Abikouholi
",Godomey,ABOMEY-CALAVI,6.373424539923127,2.324371011192158,0,0,0,0.0,0.0,0.0,0,0.0,0.0,0.0,0.0
162,Togbin-Fandji,Godomey,ABOMEY-CALAVI,6.354731938914918,2.330312218138574,0,1,0,0.0,0.6,0.0,1,0.283,0.375,0.0,0.0
163,Gbéto,5ème Arrondissement,COTONOU,6.360140776698062,2.425342688161394,0,0,6,0.0,0.0,5.1,6,0.865,0.0,0.836,0.0
164,Sèdomey,Godomey,ABOMEY-CALAVI,6.404702643675566,2.341502448001384,0,0,0,0.0,0.0,0.0,0,0.0,0.0,0.0,0.0
165,Bozoun,Kpanroun,ABOMEY-CALAVI,6.684058728636733,2.392703474130166,0,0,0,0.0,0.0,0.0,0,0.0,0.0,0.0,0.0
166,Agbondjèdo,8ème Arrondissement,COTONOU,6.375051553367871,2.40938903849366,0,0,0,0.0,0.0,0.0,0,0.0,0.0,0.0,0.0
167,Fifadji-Houto (Jak),4ème Arrondissement,COTONOU,6.36291986206149,2.459257962851995,0,1,0,0.0,0.85,0.0,1,0.283,0.459,0.0,0.0
168,Missogbé,10ème Arrondissement,COTONOU,6.381106888687805,2.391582450472842,0,3,0,0.0,2.55,0.0,3,0.632,0.718,0.0,0.0
169,Agamandin,Abomey-Calavi,ABOMEY-CALAVI,6.459125671141735,2.359418029075937,1,2,0,0.85,1.2,0.0,3,0.632,0.393,0.0,0.0
170,Aïdjèdo-Gbègo,6ème Arrondissement,COTONOU,6.382620607263776,2.427749770137821,0,0,0,0.0,0.0,0.0,0,0.0,0.0,0.0,0.0
171,Jéricho-Nord,6ème Arrondissement,COTONOU,6.375398793051792,2.425647133995281,0,1,0,0.0,0.6,0.0,1,0.283,0.375,0.0,0.0
172,Misséssin,4ème Arrondissement,COTONOU,6.370644768763935,2.443651024740626,0,0,1,0.0,0.0,0.85,1,0.283,0.0,0.459,0.0
173,Gbodjo,Abomey-Calavi,ABOMEY-CALAVI,6.468530734207171,2.360020739305281,2,0,0,1.7,0.0,0.0,2,0.487,0.0,0.0,0.0
174,Kindonou,9ème Arrondissement,COTONOU,6.392221838386909,2.364254124197146,3,3,0,2.55,2.55,0.0,6,0.865,0.418,0.0,0.0
175,"Yénandjro
",Godomey,ABOMEY-CALAVI,6.410203100045705,2.313502659171219,0,1,0,0.0,0.85,0.0,1,0.283,0.459,0.0,0.0
176,"Houégoudo
",Zinvié,ABOMEY-CALAVI,6.630822551355818,2.342089692442799,0,0,0,0.0,0.0,0.0,0,0.0,0.0,0.0,0.0
177,"Dénou
",Godomey,ABOMEY-CALAVI,6.380663796391585,2.340790672921356,0,0,2,0.0,0.0,1.7,2,0.487,0.0,0.63,0.0
178,Djigbo,Kpanroun,ABOMEY-CALAVI,6.687701726279517,2.374768165719667,0,0,0,0.0,0.0,0.0,0,0.0,0.0,0.0,0.0
179,Djédjé-Layé,2ème Arrondissement,COTONOU,6.388456395269925,2.459342678466965,0,0,0,0.0,0.0,0.0,0,0.0,0.0,0.0,0.0
180,"Hêdomè
",Godomey,ABOMEY-CALAVI,6.374946401160657,2.307905345318263,0,0,0,0.0,0.0,0.0,0,0.0,0.0,0.0,0.0
181,Ahouassa,2ème Arrondissement,COTONOU,6.382285778103435,2.459330154676711,0,0,0,0.0,0.0,0.0,0,0.0,0.0,0.0,0.0
182,Zinvié-Zounmè,Zinvié,ABOMEY-CALAVI,6.622385699198738,2.347935999444408,0,0,0,0.0,0.0,0.0,0,0.0,0.0,0.0,0.0
183,Midombo,3ème Arrondissement,COTONOU,6.377283366925354,2.444560366968681,0,1,2,0.0,0.6,1.7,3,0.632,0.375,0.63,0.486
184,"Adjamè
",Golo-Djigbé,ABOMEY-CALAVI,6.562397752699697,2.297066350691609,0,0,0,0.0,0.0,0.0,0,0.0,0.0,0.0,0.0
185,Ladji,6ème Arrondissement,COTONOU,6.391350335619639,2.42814583008818,2,1,3,1.7,0.6,2.55,6,0.865,0.182,0.486,0.297
186,Sènadé-Sèkon,2ème Arrondissement,COTONOU,6.375688860240378,2.4595500462822,0,0,0,0.0,0.0,0.0,0,0.0,0.0,0.0,0.0
187,Avagbé,Kpanroun,ABOMEY-CALAVI,6.668193210172154,2.375769637656162,0,0,0,0.0,0.0,0.0,0,0.0,0.0,0.0,0.0
188,"Assrossa
",Godomey,ABOMEY-CALAVI,6.409461848061406,2.326907267014247,0,0,0,0.0,0.0,0.0,0,0.0,0.0,0.0,0.0
189,Vossa,6ème Arrondissement,COTONOU,6.392752927176992,2.409550474170466,0,0,0,0.0,0.0,0.0,0,0.0,0.0,0.0,0.0
190,Yêkon-Aga,Golo-Djigbé,ABOMEY-CALAVI,6.558756425363121,2.312139157795279,0,0,0,0.0,0.0,0.0,0,0.0,0.0,0.0,0.0
191,Agassa-Godomey,Akassato,ABOMEY-CALAVI,6.545052684455164,2.364810813185319,0,2,0,0.0,1.7,0.0,2,0.487,0.63,0.0,0.0
192,"Dessato
",Ouèdo,ABOMEY-CALAVI,6.466030642035745,2.26706983065117,0,1,0,0.0,0.85,0.0,1,0.283,0.459,0.0,0.0
193,Gbénonkpô,3ème Arrondissement,COTONOU,6.371911800796783,2.442458753685009,0,2,0,0.0,1.7,0.0,2,0.487,0.63,0.0,0.0
194,Adjégounlè,3ème Arrondissement,COTONOU,6.374870865149802,2.444523992731232,0,0,0,0.0,0.0,0.0,0,0.0,0.0,0.0,0.0
195,Salamey,Godomey,ABOMEY-CALAVI,6.391982107294479,2.34243301565304,0,0,0,0.0,0.0,0.0,0,0.0,0.0,0.0,0.0
196,Aïdjèdo-Vignon,6ème Arrondissement,COTONOU,6.377381017474325,2.428167398149961,0,0,0,0.0,0.0,0.0,0,0.0,0.0,0.0,0.0
197,Sègbèya-Sud,3ème Arrondissement,COTONOU,6.382394066181925,2.444604297164236,0,0,0,0.0,0.0,0.0,0,0.0,0.0,0.0,0.0
198,Dota,5ème Arrondissement,COTONOU,6.359771307551789,2.429022229467125,0,3,0,0.0,2.55,0.0,3,0.632,0.718,0.0,0.0
199,"Fandji
",Godomey,ABOMEY-CALAVI,6.387333512261288,2.296214491987767,0,2,0,0.0,1.45,0.0,2,0.487,0.592,0.0,0.0
200,Sègbèya-Nord,3ème Arrondissement,COTONOU,6.388634111398964,2.444684472244962,0,0,0,0.0,0.0,0.0,0,0.0,0.0,0.0,0.0
201,Tankpè-Tanmè,Togba,ABOMEY-CALAVI,6.427859223654188,2.326013037459919,0,2,0,0.0,1.45,0.0,2,0.487,0.592,0.0,0.0
202,Abokicodji-Centre,4ème Arrondissement,COTONOU,6.366356059358998,2.446816511855193,0,0,0,0.0,0.0,0.0,0,0.0,0.0,0.0,0.0
203,Cadjèhoun-Agonga,12ème Arrondissement,COTONOU,6.358596835367859,2.395776219963597,0,1,0,0.0,0.6,0.0,1,0.283,0.375,0.0,0.0
204,Adjagbo,Akassato,ABOMEY-CALAVI,6.527113315836218,2.352959410789209,0,0,0,0.0,0.0,0.0,0,0.0,0.0,0.0,0.0
205,Jéricho-Sud,6ème Arrondissement,COTONOU,6.371470146237361,2.429471578829409,0,0,0,0.0,0.0,0.0,0,0.0,0.0,0.0,0.0
206,Sèdjro-Saint-Michel,7ème Arrondissement,COTONOU,6.367090990215393,2.429931355546123,7,2,6,4.2,1.7,3.6,15,0.993,0.246,0.409,0.317
207,Gbèdagba,8ème Arrondissement,COTONOU,6.382152864921848,2.413428460168907,0,0,0,0.0,0.0,0.0,0,0.0,0.0,0.0,0.0
208,Tchanhounkpamè,1er Arrondissement,COTONOU,6.379551784385184,2.480469122310768,0,0,0,0.0,0.0,0.0,0,0.0,0.0,0.0,0.0
209,Houinmè,Hêvié,ABOMEY-CALAVI,6.417918894556844,2.227346147712827,0,0,0,0.0,0.0,0.0,0,0.0,0.0,0.0,0.0
210,Aïbatin-Kpota,13ème Arrondissement,COTONOU,6.363429427286174,2.381251611489945,0,0,0,0.0,0.0,0.0,0,0.0,0.0,0.0,0.0
211,Sogan,Hêvié,ABOMEY-CALAVI,6.399896323011996,2.269108453387185,0,1,0,0.0,0.85,0.0,1,0.283,0.459,0.0,0.0
212,Gbédokpo,5ème Arrondissement,COTONOU,6.363856443776802,2.430030816406597,0,1,0,0.0,0.85,0.0,1,0.283,0.459,0.0,0.0
213,"Fandji
",Abomey-Calavi,ABOMEY-CALAVI,6.465892633120393,2.347420083704914,0,2,0,0.0,1.45,0.0,2,0.487,0.592,0.0,0.0
214,Wawata-Todja,Zinvié,ABOMEY-CALAVI,6.631161948504397,2.311566824027805,0,0,0,0.0,0.0,0.0,0,0.0,0.0,0.0,0.0
215,Dagbédji-Sikê,7ème Arrondissement,COTONOU,6.369584322516841,2.412135764380956,0,0,0,0.0,0.0,0.0,0,0.0,0.0,0.0,0.0
216,Sèmè,Abomey-Calavi,ABOMEY-CALAVI,6.458022608002667,2.345315101812016,0,0,0,0.0,0.0,0.0,0,0.0,0.0,0.0,0.0
217,Houéhoun,8ème Arrondissement,COTONOU,6.379432458452477,2.41007050739592,0,1,0,0.0,0.6,0.0,1,0.283,0.375,0.0,0.0
218,Gbégamey-Mifongou,11ème Arrondissement,COTONOU,6.360589389576242,2.409731318075889,0,0,0,0.0,0.0,0.0,0,0.0,0.0,0.0,0.0
219,Finagnon,1er Arrondissement,COTONOU,6.364569924521674,2.47708492485899,0,0,0,0.0,0.0,0.0,0,0.0,0.0,0.0,0.0
220,Nvènamèdé,1er Arrondissement,COTONOU,6.370328175133891,2.464195646538764,0,1,0,0.0,0.6,0.0,1,0.283,0.375,0.0,0.0
221,Tokan,Togba,ABOMEY-CALAVI,6.451316631502892,2.312681238012783,4,0,1,3.4,0.0,0.85,5,0.811,0.0,0.162,0.0
222,Houéyihô-Tannou,11ème Arrondissement,COTONOU,6.373474566932848,2.391825281707699,0,1,0,0.0,0.6,0.0,1,0.283,0.375,0.0,0.0
223,Agonsoudja,Akassato,ABOMEY-CALAVI,6.565948230766653,2.348987052450865,0,0,0,0.0,0.0,0.0,0,0.0,0.0,0.0,0.0
224,Dokomè,Zinvié,ABOMEY-CALAVI,6.57501197577681,2.362903889533517,0,0,0,0.0,0.0,0.0,0,0.0,0.0,0.0,0.0
225,Dossounou,Hêvié,ABOMEY-CALAVI,6.464408858563502,2.229614412516787,0,0,0,0.0,0.0,0.0,0,0.0,0.0,0.0,0.0
226,Glo-Tokpa,Akassato,ABOMEY-CALAVI,6.526431104267679,2.363493302302318,0,0,0,0.0,0.0,0.0,0,0.0,0.0,0.0,0.0
227,Gbégamey-Centre,11ème Arrondissement,COTONOU,6.363257953048819,2.411955872520405,0,0,0,0.0,0.0,0.0,0,0.0,0.0,0.0,0.0
228,Houèkè-Gbo,Akassato,ABOMEY-CALAVI,6.492244749147511,2.364886077460708,0,1,0,0.0,0.6,0.0,1,0.283,0.375,0.0,0.0
229,Aïbatin-Dodo,12ème Arrondissement,COTONOU,6.361852887532153,2.383413402424734,0,0,0,0.0,0.0,0.0,0,0.0,0.0,0.0,0.0
230,Logbozounkpa,Godomey,ABOMEY-CALAVI,6.382395463041538,2.311582854070552,0,0,0,0.0,0.0,0.0,0,0.0,0.0,0.0,0.0
231,Haie-Vive-Cocotiers,12ème Arrondissement,COTONOU,6.354921678177107,2.398009031378049,1,0,1,0.6,0.0,0.6,2,0.487,0.0,0.273,0.0
232,Yénawa,2ème Arrondissement,COTONOU,6.389334890159102,2.465914904662656,0,0,0,0.0,0.0,0.0,0,0.0,0.0,0.0,0.0
233,Azonsa,Golo-Djigbé,ABOMEY-CALAVI,6.546532273396123,2.330071682554142,0,0,0,0.0,0.0,0.0,0,0.0,0.0,0.0,0.0
234,Ahouansori-Towéta-Kpota,6ème Arrondissement,COTONOU,6.389330948663305,2.431539231644202,0,3,0,0.0,2.55,0.0,3,0.632,0.718,0.0,0.0
235,Houéyihô,11ème Arrondissement,COTONOU,6.368311456026358,2.394262886647069,0,0,0,0.0,0.0,0.0,0,0.0,0.0,0.0,0.0
236,"Tchinangbégbo
",Abomey-Calavi,ABOMEY-CALAVI,6.435227679926117,2.33748612782928,0,2,0,0.0,1.45,0.0,2,0.487,0.592,0.0,0.0
237,Adjogansa,Zinvié,ABOMEY-CALAVI,6.578526935354573,2.328928146632109,0,0,0,0.0,0.0,0.0,0,0.0,0.0,0.0,0.0
238,"Dèkoungbé
",Godomey,ABOMEY-CALAVI,6.377794753945093,2.329580233192163,0,0,0,0.0,0.0,0.0,0,0.0,0.0,0.0,0.0
239,Yénawa-Fifadji,10ème Arrondissement,COTONOU,6.388490106662927,2.396318770901341,0,1,0,0.0,0.85,0.0,1,0.283,0.459,0.0,0.0
240,Missité,5ème Arrondissement,COTONOU,6.361833955405409,2.431660515703713,0,0,0,0.0,0.0,0.0,0,0.0,0.0,0.0,0.0
241,Togbin-Kpèvi,Godomey,ABOMEY-CALAVI,6.358267537341501,2.31387143190611,0,0,0,0.0,0.0,0.0,0,0.0,0.0,0.0,0.0
242,"Plateau
",Godomey,ABOMEY-CALAVI,6.384958316897507,2.346964272713087,0,1,1,0.0,0.6,0.85,2,0.487,0.375,0.459,0.415
243,Kpossidja,Ouèdo,ABOMEY-CALAVI,6.484229858128032,2.266889234981924,0,0,0,0.0,0.0,0.0,0,0.0,0.0,0.0,0.0
244,Avlékété-Joncquet,5ème Arrondissement,COTONOU,6.359291516071079,2.431525249936954,1,0,2,0.6,0.0,1.2,3,0.632,0.0,0.429,0.0
245,Gbèdjèwin,4ème Arrondissement,COTONOU,6.369916675369505,2.446855480385761,0,1,0,0.0,0.85,0.0,1,0.283,0.459,0.0,0.0
246,"La-Paix
",Godomey,ABOMEY-CALAVI,6.389041158800313,2.312787897859657,0,0,0,0.0,0.0,0.0,0,0.0,0.0,0.0,0.0
247,Aïfa-Calavi,Abomey-Calavi,ABOMEY-CALAVI,6.469970429017047,2.328511410698429,0,0,0,0.0,0.0,0.0,0,0.0,0.0,0.0,0.0
248,"Nonhouénou
",Godomey,ABOMEY-CALAVI,6.394570457391367,2.345129388631311,0,0,0,0.0,0.0,0.0,0,0.0,0.0,0.0,0.0
249,"Hounsa-Agbodokpa
",Godomey,ABOMEY-CALAVI,6.402108656476065,2.328717883866807,0,0,0,0.0,0.0,0.0,0,0.0,0.0,0.0,0.0
250,Zogbohouè,9ème Arrondissement,COTONOU,6.390657530184552,2.381211463130722,2,1,0,1.7,0.85,0.0,3,0.632,0.239,0.0,0.0
251,Djidjè-Aïchédji,6ème Arrondissement,COTONOU,6.385493354470204,2.432327024389909,0,0,0,0.0,0.0,0.0,0,0.0,0.0,0.0,0.0
252,Gbénonkpô,10ème Arrondissement,COTONOU,6.382847037296844,2.397775064392104,0,2,0,0.0,1.7,0.0,2,0.487,0.63,0.0,0.0
253,Golo-Fanto,Golo-Djigbé,ABOMEY-CALAVI,6.575138471982184,2.316319767537738,0,0,0,0.0,0.0,0.0,0,0.0,0.0,0.0,0.0
254,Yolomahouto,Godomey,ABOMEY-CALAVI,6.390356647794413,2.346424148396105,0,1,0,0.0,0.85,0.0,1,0.283,0.459,0.0,0.0
255,Énagnon-Sikê,7ème Arrondissement,COTONOU,6.370902842008034,2.41672172023827,0,0,0,0.0,0.0,0.0,0,0.0,0.0,0.0,0.0
256,Agori,Abomey-Calavi,ABOMEY-CALAVI,6.445881337612267,2.354151802371591,0,1,2,0.0,0.6,1.7,3,0.632,0.375,0.63,0.486
257,Guinkômey,5ème Arrondissement,COTONOU,6.356530124670067,2.43587997480736,0,1,1,0.0,0.6,0.85,2,0.487,0.375,0.459,0.415
258,Akôgbato,12ème Arrondissement,COTONOU,6.358345749428059,2.347182671292094,0,0,1,0.0,0.0,0.85,1,0.283,0.0,0.459,0.0
259,Ayélawadjè-Agongbomè,3ème Arrondissement,COTONOU,6.382406593713229,2.449616569294463,0,0,0,0.0,0.0,0.0,0,0.0,0.0,0.0,0.0
260,Ohé,4ème Arrondissement,COTONOU,6.363355647984823,2.446385294355958,0,0,0,0.0,0.0,0.0,0,0.0,0.0,0.0,0.0
261,Lohoussa,Golo-Djigbé,ABOMEY-CALAVI,6.567022391310692,2.331974718588628,0,0,0,0.0,0.0,0.0,0,0.0,0.0,0.0,0.0
262,Yèvié-Nougo,Zinvié,ABOMEY-CALAVI,6.608679149132333,2.364813213041965,0,0,0,0.0,0.0,0.0,0,0.0,0.0,0.0,0.0
263,Djidjè,6ème Arrondissement,COTONOU,6.380253588059678,2.431891957253669,0,0,0,0.0,0.0,0.0,0,0.0,0.0,0.0,0.0
264,Kouhounou,10ème Arrondissement,COTONOU,6.383530792847346,2.378633663780833,0,0,0,0.0,0.0,0.0,0,0.0,0.0,0.0,0.0
265,Suru-Léré,1er Arrondissement,COTONOU,6.37964568698232,2.463448492283092,0,0,0,0.0,0.0,0.0,0,0.0,0.0,0.0,0.0
266,Fifatin,3ème Arrondissement,COTONOU,6.371891327869804,2.45162545178393,0,0,0,0.0,0.0,0.0,0,0.0,0.0,0.0,0.0
267,Zopah-Kokpo,Abomey-Calavi,ABOMEY-CALAVI,6.481314514426527,2.357438215918593,0,0,0,0.0,0.0,0.0,0,0.0,0.0,0.0,0.0
268,"Gninkindji
",Godomey,ABOMEY-CALAVI,6.375649237311886,2.314626207942807,0,0,0,0.0,0.0,0.0,0,0.0,0.0,0.0,0.0
269,Agbodjèdo,3ème Arrondissement,COTONOU,6.392952722609263,2.447000133592554,0,0,0,0.0,0.0,0.0,0,0.0,0.0,0.0,0.0
270,Kpodji-Les-Monts,Akassato,ABOMEY-CALAVI,6.562163550445428,2.361351013448613,0,0,1,0.0,0.0,0.6,1,0.283,0.0,0.375,0.0
271,Agla-Les-Pylônes,13ème Arrondissement,COTONOU,6.383055532076955,2.367740697975946,1,0,2,0.6,0.0,1.2,3,0.632,0.0,0.429,0.0
272,Alladacomè,Golo-Djigbé,ABOMEY-CALAVI,6.594109258611617,2.316385226789951,0,0,0,0.0,0.0,0.0,0,0.0,0.0,0.0,0.0
273,Saint-Jean-Gbèdiga,11ème Arrondissement,COTONOU,6.366970430716536,2.415044353541303,0,0,0,0.0,0.0,0.0,0,0.0,0.0,0.0,0.0
274,Zogbadjè,Abomey-Calavi,ABOMEY-CALAVI,6.423262040776687,2.338044614421109,8,1,2,6.8,0.6,1.7,11,0.974,0.071,0.179,0.113
275,Tonato,8ème Arrondissement,COTONOU,6.377940684098785,2.398977143108593,0,0,0,0.0,0.0,0.0,0,0.0,0.0,0.0,0.0
276,Agla-Agongbomey,13ème Arrondissement,COTONOU,6.373973678226093,2.363429270767735,2,0,0,1.2,0.0,0.0,2,0.487,0.0,0.0,0.0
277,Agla-Finafa,13ème Arrondissement,COTONOU,6.371343520477224,2.368289448846165,0,0,0,0.0,0.0,0.0,0,0.0,0.0,0.0,0.0
278,Hindé-Nord,6ème Arrondissement,COTONOU,6.377379963269495,2.43186304116784,0,0,0,0.0,0.0,0.0,0,0.0,0.0,0.0,0.0
279,Cocotomey,Godomey,ABOMEY-CALAVI,6.385835011059971,2.300386176203758,3,0,4,2.55,0.0,3.4,7,0.903,0.0,0.489,0.0
280,"Sèdjannako
",Godomey,ABOMEY-CALAVI,6.390683419830919,2.352118671616734,0,0,0,0.0,0.0,0.0,0,0.0,0.0,0.0,0.0
281,Gbèdiga-Guêdêhounguè,11ème Arrondissement,COTONOU,6.358260584770719,2.4185030780791,0,0,0,0.0,0.0,0.0,0,0.0,0.0,0.0,0.0
282,Dassèkomey,Ouèdo,ABOMEY-CALAVI,6.487313582794665,2.250046085674287,0,0,0,0.0,0.0,0.0,0,0.0,0.0,0.0,0.0
283,Sèhogan-Sikê,7ème Arrondissement,COTONOU,6.369301579703415,2.418034616187062,0,0,0,0.0,0.0,0.0,0,0.0,0.0,0.0,0.0
284,Hadjanaho,Kpanroun,ABOMEY-CALAVI,6.673653318057782,2.381766767131515,0,0,0,0.0,0.0,0.0,0,0.0,0.0,0.0,0.0
285,Énagnon,4ème Arrondissement,COTONOU,6.360612201797002,2.453660894955292,0,0,0,0.0,0.0,0.0,0,0.0,0.0,0.0,0.0
286,Drabo,Togba,ABOMEY-CALAVI,6.495076859534596,2.299853153206487,0,0,1,0.0,0.0,0.85,1,0.283,0.0,0.459,0.0
287,Dantôkpa,6ème Arrondissement,COTONOU,6.371018469496023,2.432568212999587,2,0,0,1.7,0.0,0.0,2,0.487,0.0,0.0,0.0
288,Agla-Centre,13ème Arrondissement,COTONOU,6.377357179359895,2.367092625408734,0,0,0,0.0,0.0,0.0,0,0.0,0.0,0.0,0.0
289,Donaten,1er Arrondissement,COTONOU,6.363426471124093,2.464842367616441,0,0,0,0.0,0.0,0.0,0,0.0,0.0,0.0,0.0
290,Adjagbo-Aïdjèdo,Ouèdo,ABOMEY-CALAVI,6.474375830764465,2.284820271937778,0,0,0,0.0,0.0,0.0,0,0.0,0.0,0.0,0.0
291,Vodjè-Kpota,12ème Arrondissement,COTONOU,6.369118986939879,2.398567606789882,0,0,0,0.0,0.0,0.0,0,0.0,0.0,0.0,0.0
292,Gbèdégbé,13ème Arrondissement,COTONOU,6.365765743773713,2.385528716120703,1,0,0,0.85,0.0,0.0,1,0.283,0.0,0.0,0.0
293,Gbétagbo,Akassato,ABOMEY-CALAVI,6.53704494492878,2.346280095006697,1,1,2,0.85,0.6,1.7,4,0.736,0.245,0.479,0.342
294,Djèkpota,Godomey,ABOMEY-CALAVI,6.36976615675345,2.283491817678333,1,0,0,0.85,0.0,0.0,1,0.283,0.0,0.0,0.0
295,Houinmè-Daho,Hêvié,ABOMEY-CALAVI,6.408391219133342,2.234810481599252,0,0,0,0.0,0.0,0.0,0,0.0,0.0,0.0,0.0
296,Bocossi-Tokpa,5ème Arrondissement,COTONOU,6.367862983609162,2.435104782169853,0,0,0,0.0,0.0,0.0,0,0.0,0.0,0.0,0.0
297,Zopah-Akassato,Akassato,ABOMEY-CALAVI,6.49141290548024,2.3461242667591,0,2,0,0.0,1.45,0.0,2,0.487,0.592,0.0,0.0
298,Ahossougbéta,Togba,ABOMEY-CALAVI,6.459212335618542,2.318434759154452,0,2,0,0.0,1.45,0.0,2,0.487,0.592,0.0,0.0
299,Alansankomè,Ouèdo,ABOMEY-CALAVI,6.432180143847461,2.268156193538336,0,0,0,0.0,0.0,0.0,0,0.0,0.0,0.0,0.0
300,Ayélawadjè,3ème Arrondissement,COTONOU,6.375064401852842,2.449508894833289,0,0,0,0.0,0.0,0.0,0,0.0,0.0,0.0,0.0
301,Gbèdjromèdè-Nord,6ème Arrondissement,COTONOU,6.384379684538224,2.416276155970335,0,0,0,0.0,0.0,0.0,0,0.0,0.0,0.0,0.0
302,Hlouacomey,Godomey,ABOMEY-CALAVI,6.393210283670465,2.347948807593589,0,0,0,0.0,0.0,0.0,0,0.0,0.0,0.0,0.0
303,Ouéga-Agué,Togba,ABOMEY-CALAVI,6.484521446433421,2.30851225496917,1,0,0,1.0,0.0,0.0,1,0.283,0.0,0.0,0.0
304,Kpanroun,Kpanroun,ABOMEY-CALAVI,6.675582143600403,2.36494856158701,2,0,0,1.7,0.0,0.0,2,0.487,0.0,0.0,0.0
305,Hêvié,Hêvié,ABOMEY-CALAVI,6.447090144798646,2.243794160106147,0,0,1,0.0,0.0,0.85,1,0.283,0.0,0.459,0.0
306,Akassato,Akassato,ABOMEY-CALAVI,6.506143317843183,2.364538180771626,0,0,0,0.0,0.0,0.0,0,0.0,0.0,0.0,0.0
307,Ouèdo,Ouèdo,ABOMEY-CALAVI,6.4561540112843,2.259939973131943,1,0,1,0.85,0.0,0.85,2,0.487,0.0,0.315,0.0
308,Golo-Djigbé,Golo-Djigbé,ABOMEY-CALAVI,6.559616245688551,2.299820627390529,2,0,0,2.0,0.0,0.0,2,0.487,0.0,0.0,0.0
309,Togba_Maria-Gléta,Togba,Abomey-Calavi,6.4441601919452,2.295115343495001,0,0,8,0.0,0.0,4.8,8,0.931,0.0,0.828,0.0
310,Womey-Yénawa,Godomey,Abomey-Calavi,6.40426358091059,2.28654677038847,0,0,0,0.0,0.0,0.0,0,0.0,0.0,0.0,0.0
