cluster_id,disposition,target,classification,commune,arrondissement,n_nodes,road_length_m,centroid_lat,centroid_lng,nearest_chef_name,nearest_chef_dist_m,nearest_same_commune_chef_name,nearest_same_commune_chef_dist_m,water_separation,bridge_present,graph_component_size,dist_to_commune_boundary_m,resolution_action
0,NEW_CHEF_LIEU_SEED,,Missing chef-lieu coverage,Abomey-Calavi,Abomey-Calavi / Akassato,75,2063.5,6.538928,2.401616,Agassa-Godomey,4123.4,Agassa-Godomey,4123.4,False,False,90099,700.1,"Cluster of 75 nodes (2064 m road) in Abomey-Calavi / Akassato; nearest same-commune chef (Agassa-Godomey) is 4123 m away — IGN list is missing a chef-lieu point for this area. Propose seed at (lat=6.538928, lng=2.401616)."
1,NEW_CHEF_LIEU_SEED,,Water-isolated pocket,Abomey-Calavi,Abomey-Calavi / Zinvié,50,2046.6,6.617048,2.408749,Gbodjè,3484.7,Gbodjè,3484.7,True,False,90,600.9,"Water-isolated settlement of 50 nodes (2047 m of road) in Abomey-Calavi / Zinvié, 3485 m from the nearest chef (Gbodjè) across major water with no bridge. Propose new chef-lieu at (lat=6.617048, lng=2.408749)."
2,NEW_CHEF_LIEU_SEED,,Water-isolated pocket,Abomey-Calavi (buffer),So-Ava / Ganvié II,39,1647.4,6.474541,2.392152,Houèkè-Gbo,3597.1,Houèkè-Gbo,3597.1,True,False,62,85.4,"Water-isolated settlement of 39 nodes (1647 m of road) in So-Ava / Ganvié II, 3597 m from the nearest chef (Houèkè-Gbo) across major water with no bridge. Propose new chef-lieu at (lat=6.474541, lng=2.392152)."
3,NEW_CHEF_LIEU_SEED,,Water-isolated pocket,Abomey-Calavi (buffer),So-Ava / Ahomè-Lokpo,35,904.8,6.56292,2.402966,Gbodjè,3989.9,Gbodjè,3989.9,True,False,36,89.4,"Water-isolated settlement of 35 nodes (905 m of road) in So-Ava / Ahomè-Lokpo, 3990 m from the nearest chef (Gbodjè) across major water with no bridge. Propose new chef-lieu at (lat=6.562920, lng=2.402966)."
4,BRIDGE_CROSSING_REQUIRED,"Sèdjannako
",Missing bridge crossing,Abomey-Calavi,Abomey-Calavi / Godomey,33,1507.8,6.389233,2.356015,"Sèdjannako
",459.7,"Sèdjannako
",459.7,True,True,90099,1116.6,"Whitelist the bridge near cluster centroid so Sèdjannako
 (≈ 460 m away) can claim these 33 nodes across the water. Fix is in the graph build (water-aware merge currently refuses the bridge edge): exempt OSM ways with `bridge=yes`/`cantilever` from the cross-water veto."
5,NEW_CHEF_LIEU_SEED,,Water-isolated pocket,Abomey-Calavi,Abomey-Calavi / Akassato,25,1097.0,6.502242,2.399531,Akassato,3890.9,Akassato,3890.9,True,False,43,555.7,"Water-isolated settlement of 25 nodes (1097 m of road) in Abomey-Calavi / Akassato, 3891 m from the nearest chef (Akassato) across major water with no bridge. Propose new chef-lieu at (lat=6.502242, lng=2.399531)."
6,NEW_CHEF_LIEU_SEED,,Water-isolated pocket,Abomey-Calavi (buffer),Adjohoun / Togbota,23,558.5,6.685446,2.429939,Bozoun,4117.4,Bozoun,4117.4,True,False,123,557.4,"Water-isolated settlement of 23 nodes (558 m of road) in Adjohoun / Togbota, 4117 m from the nearest chef (Bozoun) across major water with no bridge. Propose new chef-lieu at (lat=6.685446, lng=2.429939)."
7,NEW_CHEF_LIEU_SEED,,Water-isolated pocket,Abomey-Calavi,Abomey-Calavi / Zinvié,22,482.4,6.603959,2.406312,Gbodjè,2417.7,Gbodjè,2417.7,True,False,90,181.0,"Water-isolated settlement of 22 nodes (482 m of road) in Abomey-Calavi / Zinvié, 2418 m from the nearest chef (Gbodjè) across major water with no bridge. Propose new chef-lieu at (lat=6.603959, lng=2.406312)."
8,EXCLUDED_AREA,,OSM graph fragmentation,Abomey-Calavi (buffer),Ouidah / Pahou,19,625.9,6.36231,2.242771,Cococodji,4322.9,Cococodji,4322.9,True,False,20,27.9,Tiny disconnected component of 20 nodes on the far side of major water from any chef. Accept as un-routable hinterland.
9,NEW_CHEF_LIEU_SEED,,Missing chef-lieu coverage,Abomey-Calavi,Abomey-Calavi / Kpanroun,16,596.3,6.666437,2.400027,Bozoun,2116.8,Bozoun,2116.8,False,False,34,1966.0,"Cluster of 16 nodes (596 m road) in Abomey-Calavi / Kpanroun; nearest same-commune chef (Bozoun) is 2117 m away — IGN list is missing a chef-lieu point for this area. Propose seed at (lat=6.666437, lng=2.400027)."
10,NEW_CHEF_LIEU_SEED,,Missing chef-lieu coverage,Abomey-Calavi,Abomey-Calavi / Kpanroun,13,605.7,6.66997,2.399979,Bozoun,1758.3,Bozoun,1758.3,False,False,34,1577.5,"Cluster of 13 nodes (606 m road) in Abomey-Calavi / Kpanroun; nearest same-commune chef (Bozoun) is 1758 m away — IGN list is missing a chef-lieu point for this area. Propose seed at (lat=6.669970, lng=2.399979)."
11,NEW_CHEF_LIEU_SEED,,Missing chef-lieu coverage,Abomey-Calavi (buffer),Tori-Bossito / Avamè,13,496.3,6.510124,2.239607,Dassèkomey,2782.4,Dassèkomey,2782.4,False,False,37,513.1,"Cluster of 13 nodes (496 m road) in Tori-Bossito / Avamè; nearest same-commune chef (Dassèkomey) is 2782 m away — IGN list is missing a chef-lieu point for this area. Propose seed at (lat=6.510124, lng=2.239607)."
12,NEW_CHEF_LIEU_SEED,,Missing chef-lieu coverage,Abomey-Calavi,Abomey-Calavi / Akassato,12,405.9,6.531313,2.402783,Glo-Tokpa,4375.2,Glo-Tokpa,4375.2,False,True,90099,590.6,"Cluster of 12 nodes (406 m road) in Abomey-Calavi / Akassato; nearest same-commune chef (Glo-Tokpa) is 4375 m away — IGN list is missing a chef-lieu point for this area. Propose seed at (lat=6.531313, lng=2.402783)."
13,ANNEX_TO_NEAREST_CHEF,"Ganganzounmè
",OSM graph fragmentation,Abomey-Calavi,Abomey-Calavi / Godomey,12,337.3,6.369402,2.300493,"Ganganzounmè
",527.9,"Ganganzounmè
",527.9,False,False,12,3015.3,"Tiny component of 12 nodes; too small to justify a chef-lieu and too far (528 m) to be a clean OSM fix. Post-pass attribution: assign all 12 nodes to Ganganzounmè
."
14,BRIDGE_CROSSING_REQUIRED,Houèkè-Gbo,Missing bridge crossing,Abomey-Calavi (buffer),So-Ava / So-Ava,12,340.1,6.494116,2.405962,Houèkè-Gbo,4543.6,Houèkè-Gbo,4543.6,True,True,63,441.1,Whitelist the bridge near cluster centroid so Houèkè-Gbo (≈ 4544 m away) can claim these 12 nodes across the water. Fix is in the graph build (water-aware merge currently refuses the bridge edge): exempt OSM ways with `bridge=yes`/`cantilever` from the cross-water veto.
15,ANNEX_TO_NEAREST_CHEF,Gbodjè,Unknown,Abomey-Calavi,Abomey-Calavi / Zinvié,11,359.2,6.603555,2.388703,Gbodjè,996.0,Gbodjè,996.0,False,True,90099,1963.6,"Edge-of-territory cluster in the main graph (comp=90099), no water in the way, nearest chef Gbodjè is 996 m. Post-pass attribution."
16,EXCLUDED_AREA,,OSM graph fragmentation,Abomey-Calavi,Abomey-Calavi / Akassato,11,331.7,6.496995,2.40011,Houèkè-Gbo,3927.8,Houèkè-Gbo,3927.8,True,True,3,276.8,Tiny disconnected component of 3 nodes on the far side of major water from any chef. Accept as un-routable hinterland.
17,BRIDGE_CROSSING_REQUIRED,Djèkpota,Missing bridge crossing,Abomey-Calavi (buffer),Ouidah / Pahou,11,276.8,6.356169,2.265252,Djèkpota,2518.0,Djèkpota,2518.0,True,True,90099,576.9,Whitelist the bridge near cluster centroid so Djèkpota (≈ 2518 m away) can claim these 11 nodes across the water. Fix is in the graph build (water-aware merge currently refuses the bridge edge): exempt OSM ways with `bridge=yes`/`cantilever` from the cross-water veto.
18,NEW_CHEF_LIEU_SEED,,Water-isolated pocket,Abomey-Calavi,Abomey-Calavi / Akassato,11,574.2,6.507259,2.403835,Akassato,4344.0,Akassato,4344.0,True,False,43,267.4,"Water-isolated settlement of 11 nodes (574 m of road) in Abomey-Calavi / Akassato, 4344 m from the nearest chef (Akassato) across major water with no bridge. Propose new chef-lieu at (lat=6.507259, lng=2.403835)."
19,NEW_CHEF_LIEU_SEED,,Water-isolated pocket,Abomey-Calavi,Abomey-Calavi / Akassato,10,368.1,6.487169,2.39818,Houèkè-Gbo,3721.8,Houèkè-Gbo,3721.8,True,False,62,100.4,"Water-isolated settlement of 10 nodes (368 m of road) in Abomey-Calavi / Akassato, 3722 m from the nearest chef (Houèkè-Gbo) across major water with no bridge. Propose new chef-lieu at (lat=6.487169, lng=2.398180)."
20,ANNEX_TO_NEAREST_CHEF,Agbodjèdo,OSM graph fragmentation,Cotonou,Cotonou / Cotonou 3,10,197.6,6.397328,2.445407,Agbodjèdo,516.6,Agbodjèdo,516.6,False,True,6,167.6,Tiny component of 6 nodes; too small to justify a chef-lieu and too far (517 m) to be a clean OSM fix. Post-pass attribution: assign all 10 nodes to Agbodjèdo.
21,ANNEX_TO_NEAREST_CHEF,"Houégoudo
",Unknown,Abomey-Calavi (buffer),Zè / Yokpo,10,285.4,6.632605,2.331928,"Houégoudo
",1140.2,"Houégoudo
",1140.2,False,False,90099,584.0,"Edge-of-territory cluster in the main graph (comp=90099), no water in the way, nearest chef Houégoudo
 is 1140 m. Post-pass attribution."
22,NEW_CHEF_LIEU_SEED,,Water-isolated pocket,Abomey-Calavi,Abomey-Calavi / Akassato,10,327.3,6.546321,2.407285,Agassa-Godomey,4695.5,Agassa-Godomey,4695.5,True,False,40,17.0,"Water-isolated settlement of 10 nodes (327 m of road) in Abomey-Calavi / Akassato, 4696 m from the nearest chef (Agassa-Godomey) across major water with no bridge. Propose new chef-lieu at (lat=6.546321, lng=2.407285)."
23,NEW_CHEF_LIEU_SEED,,Missing chef-lieu coverage,Abomey-Calavi (buffer),Tori-Bossito / Avamè,9,396.6,6.50512,2.235105,Dassèkomey,2575.3,Dassèkomey,2575.3,False,False,90099,455.3,"Cluster of 9 nodes (397 m road) in Tori-Bossito / Avamè; nearest same-commune chef (Dassèkomey) is 2575 m away — IGN list is missing a chef-lieu point for this area. Propose seed at (lat=6.505120, lng=2.235105)."
24,ANNEX_TO_NEAREST_CHEF,Bozoun,OSM graph fragmentation,Abomey-Calavi,Abomey-Calavi / Kpanroun,8,355.3,6.67221,2.404442,Bozoun,1847.2,Bozoun,1847.2,False,False,12,1269.1,Tiny component of 12 nodes; too small to justify a chef-lieu and too far (1847 m) to be a clean OSM fix. Post-pass attribution: assign all 8 nodes to Bozoun.
25,ANNEX_TO_NEAREST_CHEF,"Zoundja
",OSM graph fragmentation,Abomey-Calavi,Abomey-Calavi / Calavi,8,181.3,6.498374,2.325281,"Zoundja
",1232.8,"Zoundja
",1232.8,False,False,10,1250.5,"Tiny component of 10 nodes; too small to justify a chef-lieu and too far (1233 m) to be a clean OSM fix. Post-pass attribution: assign all 8 nodes to Zoundja
."
26,EXCLUDED_AREA,,Water-isolated pocket,Abomey-Calavi (buffer),So-Ava / Ahomè-Lokpo,8,260.3,6.542279,2.407886,Agassa-Godomey,4769.8,Agassa-Godomey,4769.8,True,False,40,19.3,"Water-isolated stub (8 nodes, 260 m) with no bridge across. Tiny cluster — un-routable hinterland."
27,ANNEX_TO_NEAREST_CHEF,Djissoukpa,OSM graph fragmentation,Abomey-Calavi (buffer),Zè / Tangbo-Djèvié,8,220.8,6.557825,2.277772,Djissoukpa,1504.0,Djissoukpa,1504.0,False,False,8,58.0,Tiny component of 8 nodes; too small to justify a chef-lieu and too far (1504 m) to be a clean OSM fix. Post-pass attribution: assign all 8 nodes to Djissoukpa.
28,ANNEX_TO_NEAREST_CHEF,Avagbé,OSM graph fragmentation,Abomey-Calavi,Abomey-Calavi / Kpanroun,7,130.5,6.649673,2.384559,Avagbé,2273.6,Avagbé,2273.6,False,False,7,3828.7,Tiny component of 7 nodes; too small to justify a chef-lieu and too far (2274 m) to be a clean OSM fix. Post-pass attribution: assign all 7 nodes to Avagbé.
29,EXCLUDED_AREA,,Water-isolated pocket,Abomey-Calavi (buffer),Ouidah / Pahou,7,168.8,6.388933,2.217079,Houinmè-Daho,2916.2,Houinmè-Daho,2916.2,True,False,90099,666.4,"Water-isolated stub (7 nodes, 169 m) with no bridge across. Tiny cluster — un-routable hinterland."
30,EXCLUDED_AREA,,Water-isolated pocket,Abomey-Calavi (buffer),So-Ava / So-Ava,7,163.6,6.494195,2.402834,Houèkè-Gbo,4198.8,Houèkè-Gbo,4198.8,True,False,63,106.6,"Water-isolated stub (7 nodes, 164 m) with no bridge across. Tiny cluster — un-routable hinterland."
31,NEW_CHEF_LIEU_SEED,,Missing chef-lieu coverage,Abomey-Calavi,Abomey-Calavi / Zinvié,6,234.0,6.610975,2.401238,Gbodjè,2423.5,Gbodjè,2423.5,False,False,90099,1057.7,"Cluster of 6 nodes (234 m road) in Abomey-Calavi / Zinvié; nearest same-commune chef (Gbodjè) is 2424 m away — IGN list is missing a chef-lieu point for this area. Propose seed at (lat=6.610975, lng=2.401238)."
32,EXCLUDED_AREA,,Water-isolated pocket,Abomey-Calavi,Abomey-Calavi / Akassato,6,246.7,6.48106,2.395084,Houèkè-Gbo,3560.3,Houèkè-Gbo,3560.3,True,False,62,50.3,"Water-isolated stub (6 nodes, 247 m) with no bridge across. Tiny cluster — un-routable hinterland."
33,EXCLUDED_AREA,,Water-isolated pocket,Abomey-Calavi (buffer),Ouidah / Pahou,6,147.9,6.355417,2.266689,Djèkpota,2446.3,Djèkpota,2446.3,True,False,90099,652.1,"Water-isolated stub (6 nodes, 148 m) with no bridge across. Tiny cluster — un-routable hinterland."
34,EXCLUDED_AREA,,Water-isolated pocket,Abomey-Calavi (buffer),Zè / Yokpo,6,115.4,6.629884,2.327168,Wawata,687.0,Wawata,687.0,True,False,90099,676.1,"Water-isolated stub (6 nodes, 115 m) with no bridge across. Tiny cluster — un-routable hinterland."
35,NEW_CHEF_LIEU_SEED,,Missing chef-lieu coverage,Abomey-Calavi,Abomey-Calavi / Zinvié,5,199.7,6.607264,2.392419,Gbodjè,1526.5,Gbodjè,1526.5,False,False,90099,1710.2,"Cluster of 5 nodes (200 m road) in Abomey-Calavi / Zinvié; nearest same-commune chef (Gbodjè) is 1526 m away — IGN list is missing a chef-lieu point for this area. Propose seed at (lat=6.607264, lng=2.392419)."
36,ANNEX_TO_NEAREST_CHEF,Gbodjè,Unknown,Abomey-Calavi,Abomey-Calavi / Zinvié,5,199.0,6.601112,2.392382,Gbodjè,955.3,Gbodjè,955.3,False,False,90099,1488.6,"Edge-of-territory cluster in the main graph (comp=90099), no water in the way, nearest chef Gbodjè is 955 m. Post-pass attribution."
37,ANNEX_TO_NEAREST_CHEF,Kpotomey,OSM graph fragmentation,Abomey-Calavi,Abomey-Calavi / Zinvié,5,91.8,6.637006,2.383367,Kpotomey,3055.7,Kpotomey,3055.7,False,False,5,3895.7,Tiny component of 5 nodes; too small to justify a chef-lieu and too far (3056 m) to be a clean OSM fix. Post-pass attribution: assign all 5 nodes to Kpotomey.
38,EXCLUDED_AREA,,Water-isolated pocket,Abomey-Calavi (buffer),So-Ava / Ahomè-Lokpo,5,160.8,6.628236,2.422072,Gbodjè,5406.4,Gbodjè,5406.4,True,False,90,158.3,"Water-isolated stub (5 nodes, 161 m) with no bridge across. Tiny cluster — un-routable hinterland."
39,EXCLUDED_AREA,,Water-isolated pocket,Abomey-Calavi,Abomey-Calavi / Zinvié,5,121.9,6.623019,2.415533,Gbodjè,4483.9,Gbodjè,4483.9,True,False,90,295.6,"Water-isolated stub (5 nodes, 122 m) with no bridge across. Tiny cluster — un-routable hinterland."
40,NEW_CHEF_LIEU_SEED,,Missing chef-lieu coverage,Abomey-Calavi,Abomey-Calavi / Zinvié,5,182.8,6.612126,2.40404,Gbodjè,2730.5,Gbodjè,2730.5,False,False,90099,786.3,"Cluster of 5 nodes (183 m road) in Abomey-Calavi / Zinvié; nearest same-commune chef (Gbodjè) is 2730 m away — IGN list is missing a chef-lieu point for this area. Propose seed at (lat=6.612126, lng=2.404040)."
41,ANNEX_TO_NEAREST_CHEF,Bozoun,OSM graph fragmentation,Abomey-Calavi,Abomey-Calavi / Kpanroun,4,154.9,6.668235,2.405075,Bozoun,2225.7,Bozoun,2225.7,False,False,12,1698.1,Tiny component of 12 nodes; too small to justify a chef-lieu and too far (2226 m) to be a clean OSM fix. Post-pass attribution: assign all 4 nodes to Bozoun.
42,EXCLUDED_AREA,,Water-isolated pocket,Abomey-Calavi (buffer),Ouidah / Pahou,4,113.9,6.382572,2.222505,Houinmè-Daho,3172.2,Houinmè-Daho,3172.2,True,False,90099,491.3,"Water-isolated stub (4 nodes, 114 m) with no bridge across. Tiny cluster — un-routable hinterland."
43,OSM_GRAPH_FIX,Missèkplé,OSM graph fragmentation,Cotonou,Cotonou / Cotonou 9,4,85.8,6.387459,2.403293,Missèkplé,209.4,Missèkplé,209.4,False,True,8,1834.1,"Tiny component of 8 nodes sits 209 m from Missèkplé's main-graph territory. Add a connector in OSM at the cluster centroid (lat=6.387459, lng=2.403293); after re-pulling roads, the cluster will merge into the main graph and Missèkplé will claim it via normal propagation."
44,EXCLUDED_AREA,,Water-isolated pocket,Abomey-Calavi,Abomey-Calavi / Akassato,4,147.3,6.483907,2.397155,Houèkè-Gbo,3683.9,Houèkè-Gbo,3683.9,True,False,62,35.0,"Water-isolated stub (4 nodes, 147 m) with no bridge across. Tiny cluster — un-routable hinterland."
45,EXCLUDED_AREA,,Water-isolated pocket,Abomey-Calavi (buffer),So-Ava / Ahomè-Lokpo,4,128.8,6.541024,2.41177,Agassa-Godomey,5208.2,Agassa-Godomey,5208.2,True,False,40,440.1,"Water-isolated stub (4 nodes, 129 m) with no bridge across. Tiny cluster — un-routable hinterland."
